"ELB","temperature"
13,19.3952435344779
17,22.6982251051672
30,40.5870831414912
15,25.7050839142458
19,26.2928773516095
38,42.1506498688328
28,29.609162059892
15,12.3493876539347
18,18.1314714810647
19,20.5433802990004
35,37.2408179743946
22,28.5981382705736
22,29.0077145059405
19,26.1068271594512
13,19.4415886524593
46,42.8691313680308
23,29.9785047822924
13,5.33382843370362
32,32.0135590156369
12,20.2720859227207
14,14.3217629401315
14,22.8202508534171
13,14.7399555169276
15,17.7110877070886
